file,state,mean,std,rms,peak,kurtosis,skewness,crest_factor,mean_abs
Time_Normal_1_098,normal,0.012564102453463738,0.0651516453058643,0.0663520425949517,0.34588430769230766,2.930617176270012,-0.17304807884551218,5.212866012336201,0.05347094689002356
Time_Normal_1_098,fault,0.03237525607780523,0.06734586737878906,0.07472364457857304,0.32194727272727275,2.8682790929675464,0.12782219223349559,4.308506022999726,0.059494440888134416
OR007_6_1_136,normal,0.012111836265382642,1.0606396836874594,1.0607088361988664,5.363568,6.864797083095626,0.07249947829096076,5.056588402921926,0.6756905543860225
OR007_6_1_136,fault,0.03082896345066262,0.21778687883686698,0.2199580632323954,1.1203436363636363,3.7316061803709233,0.021472816795374775,5.0934419948039995,0.16909570693002451
